<?xml version="1.0" encoding="UTF-8"?>
<!DOCTYPE fontscolors PUBLIC "-//NetBeans//DTD Editor Fonts and Colors settings 1.1//EN" "http://www.netbeans.org/dtds/EditorFontsColors-1_1.dtd">
<fontscolors>
    <fontcolor name="error" waveUnderlined="red"/>
    <fontcolor foreColor="ffce7b00" name="char"/>
    <fontcolor foreColor="ffcc7832" name="keyword">
        <font style="bold"/>
    </fontcolor>
    <fontcolor foreColor="black" name="whitespace"/>
    <fontcolor foreColor="ff6897bb" name="number"/>
    <fontcolor default="keyword" name="markup-element"/>
    <fontcolor name="operator"/>
    <fontcolor foreColor="ff287bde" name="url" underline="ff287bde"/>
    <fontcolor default="identifier" foreColor="ff9876aa" name="field"/>
    <fontcolor bgColor="ff2b2b2b" foreColor="ffa9b7c6" name="default">
        <font name="Liberation Mono" size="13"/>
    </fontcolor>
    <fontcolor foreColor="ff6a8759" name="string"/>
    <fontcolor default="default" foreColor="black" name="entity-reference">
        <font style="bold"/>
    </fontcolor>
    <fontcolor default="string" name="markup-attribute-value"/>
    <fontcolor default="identifier" foreColor="ffffc66d" name="method"/>
    <fontcolor foreColor="gray" name="comment">
        <font style="italic"/>
    </fontcolor>
    <fontcolor name="identifier"/>
    <fontcolor name="separator"/>
    <fontcolor bgColor="ff52503a" name="warning" waveUnderlined="yellow"/>
    <fontcolor default="field" name="markup-attribute"/>
</fontscolors>
